lokasi_1,lokasi_2,haversine_m,osrm_m,rasio
Bakso Jaya Dewi Sri Pujon,Lalapan sambel uleg 87,17028.1,22364.4,1.3134
Family Guest House Malang,Dam tawang rejeni,29899.8,37492.1,1.2539
Warung Pedas Mbak Menir,Tugu Kuda Diponegoro,15199.3,23267.1,1.5308
Chill coffee,Sumber Alam Ambya'an Desa Wisata Jambuwer,43134.7,69543.2,1.6122
Bukit Nirwana,Rosa Pavilion Syariah near UMM Redpartner,16430.5,21324.9,1.2979
DEPOT IJO ROYO-ROYO,Happy Durian - Durian Coffee and Eatery,23829.3,31029.0,1.3021
Sazara Hotel Batu,Puthuk Tritih,5353.9,7219.2,1.3484
Warung pojok Bu marmi,Rest Area Druju,22758.1,38529.8,1.693
N Sungkar Guest House Syariah,Warung Meme,6932.4,11693.1,1.6867
Guest House Araya,"Grand Miami Hotel, Kepanjen",19471.7,22385.0,1.1496
Desa Wisata Sidorejo Indah ( Dewi Sri ),Alun - Alun Ubalan,24646.0,35580.8,1.4437
BEBEK MLONGSENG,Ampera Talago Baru,3589.2,4691.1,1.307
Depot Shanghai,De Sapphire Hasanah Guesthouse,1872.5,2652.8,1.4167
Taman Kunang Kunang,Warung Sate Gule Bang Tismanto,7922.3,10726.9,1.354
Puthuk Tritih,Taman edukasi D'Embung Park Pandanmulyo,30443.3,36897.4,1.212
"Pondok Wisata Latar Ombo ""L.O.""",Villa Dua Dua Redpartner,9491.0,17858.8,1.8817
Depot Samsin,Javana Homestay,6204.9,9440.4,1.5214
waroeng jagoan,Warung Thoha Fried Chicken,25041.0,27322.7,1.0911
D Maktab Syariah Mitra RedDoorz Malang,Srikandi Guesthouse,2682.6,5348.5,1.9938
Wisata Alam Watu Menyan,RedDoorz Plus near Brawijaya Museum,19850.7,24346.5,1.2265
OYO 1194 Villa Bukit Panderman Residence,Grand Kadaka Syariah,13150.9,18277.0,1.3898
waroeng jagoan,Bakso Rompe,37298.5,41339.6,1.1083
Family Hotel Gradia 1,Q5 STEAK KEPANJEN,29286.7,37410.0,1.2774
Pantai Ngentup,Waroeng Cipoet Khas Jawa,60771.3,97963.9,1.612
Sari Rasa,Bukit Nirwana,22909.0,32321.1,1.4108
Warung Atikah,Coban Jahe 2,32069.7,36525.6,1.1389
Songgoriti Hot Springs,Shakila Guest House,1123.8,1622.6,1.4439
Coban Rendeng,Kusuma Agrowisata Resort & Convention Hotel,52435.5,80517.9,1.5356
Warung Makan Buk Mis,Rest Area 84B Malang Strudel Playland,24342.7,41725.9,1.7141
Warung Bedua,Pantai Goa Pathuk ilang ꦥꦼꦱꦶꦱꦶꦂꦒꦸꦮꦥꦡꦸꦏ꧀ꦅꦭꦁ,57941.9,81433.7,1.4054
Warung TEMA,Warung Makan Pawon Sasak Lombok,3818.6,4696.9,1.23
"Warung ""MANTAB"" spesial Ayam Goreng Laos",Granada Syariah Guest House,11167.2,12390.6,1.1095
Kapal Garden Hotel,SAMBAL GAMI BU'SUM,8669.2,10465.2,1.2072
Sumber Umbulan Singosari,Depot Indah Jaya,9311.0,12914.7,1.387
"""BAMBOO MEWEK PARK""",RedDoorz Plus @ Swun Stay Raya Langsep,6950.1,12824.8,1.8453
Wisata Sumber Songo,Bakso Sama Rasa Pak Kabul Madiun,30195.7,40496.8,1.3411
Arumdalu Hotel,Vanda Villa Batu,3653.6,4576.6,1.2526
TOS Hotel Malang,Kedai Fortunatu,3744.2,5918.6,1.5807
"Petik apel malang & petik jeruk keprok ""BATU AGRO APEL"" kota batu, malang",Sevenfield Sport Wisata Air,14492.6,17375.3,1.1989
Taman Wisata Blendrang,nDalem Kilen Homestay,29707.6,46902.6,1.5788
Penginapan Miki Gunung Kawi,Desa Wisata Sidorejo Indah ( Dewi Sri ),29312.8,52953.2,1.8065
waroeng jagoan,Coban Jahe 2,32596.4,44710.7,1.3716
Bakso mie ayam putra sulung,Warung Bakso Pangsit Mie Rasta,1762.8,2507.3,1.4223
WBLL (Wisata Blayu Lesti Lestari) Wajak,RM. Ibunda,24732.7,34970.8,1.414
Pantai Teluk Asmara,Air Terjun Sumber Pitu Pujon,64853.6,104148.1,1.6059
Catering & Rumah makan Cak Tono,Taman Suwida,17398.0,22085.4,1.2694
Nasi Campur Madura Khas Bangkalan ( Nasi Petis ),Cafe Sawah Pujonkidul,24743.9,32890.9,1.3293
Warung Krajan,Rumah Makan Kerta Sari Batu,24895.3,43372.5,1.7422
warung rujak mbak ika,Taman Cidurian,10216.7,13177.5,1.2898
Warung Nasi Bu Eny,Kolam Renang Kalijati Desa Jenggolo,25701.0,29159.0,1.1345
Dapur Enak Eco-Cab. Karangploso,RedDoorz Plus @ Villa Bontes Batu,13167.7,16785.8,1.2748
Warung Pedas Mbak Menir,Kampung Kelir,9272.3,11890.0,1.2823
Hutan Bambu Andeman,Taman Bibit Mojolangu,28920.2,39019.3,1.3492
Depot Semeru,Warung 77 Lesehan,29759.5,45251.7,1.5206
Bebek Bakar Bandar Lor,Petik jeruk LEMBAH MANAH pak Agus,31231.4,43433.8,1.3907
Candi Jawar Purbakala,BeSS Resort and Waterpark,40001.2,84690.3,2.1172
Air Terjun Grojogan Sewu Pujon,Warung Bu Gito,23489.9,33339.8,1.4193
Rosetta Villa & Homestay,Puncak Basundara,4101.1,5081.2,1.239
Batu Flower Garden (wisata),Goa payung baturetno,50003.7,69004.6,1.38
Warung Meme,Warung Pojok Sate Gule,19028.5,20870.9,1.0968
Nova Guest House,Warung Rujak Mak' Jas,23718.6,37534.0,1.5825
Lesehan warung subuh,Kahan Homestay,29245.5,36513.3,1.2485
Urbanview Hotel de Kopen Malang by RedDoorz,"Warung Rujak dan Es ""Sepanjang""",23061.1,34256.5,1.4855
Makcik Pakcik Resto & Cafe,Depot Manado Prilia Malang,18491.1,19810.7,1.0714
Petik Apel Kota Batu,Bakso Solo Cabang Kepanjen,24028.2,29258.5,1.2177
OYO 1289 Cbr Residence,Idjen Boulevard,3626.0,6280.8,1.7322
Warung Rujak Mbak Camik,Kanana Retreat,50074.4,68201.7,1.362
Toko Kopi Pamanjur,Kebun Kitala Wisata Petik Strawberry,12739.7,17320.9,1.3596
Chill coffee,RedDoorz near Jawa Timur Park 2,38554.8,50556.2,1.3113
Masjid Tiban Malang,Warung Sari Rasa 2,39556.4,49036.2,1.2397
Wiken Wisata Kampung Enem,De Sapphire Hasanah Guesthouse,27517.2,38484.8,1.3986
LALAPAN KHAS SOLO Bu Yanti,Ayam Panggang Mbak SRI ono D / H (Nyik Sun) Kayutangan,14437.0,16959.9,1.1747
Taman Indragiri Malang,Warung Bu Mayar,5404.1,10520.1,1.9467
Mitra Guest House Syariah,"Depot ""Cha Be Ca""",6111.0,7184.5,1.1757
Candi Jawar Purbakala,Pos Ketan Legenda - 1967 Batu,50546.1,81731.8,1.617
Pemancingan Bon Watu,Waroeng RazNa,35975.2,42238.4,1.1741
Horison Trunojoyo,Taman Keceh,33906.3,44368.1,1.3086
Warung Sriwijaya,A-yem Tiamkopi,27395.3,53398.4,1.9492
Home Stay Pak Dilu,Warung Pecel Madiun Amin 2,64479.5,89698.2,1.3911
Akar Rumput ( Wisata Edukasi Pertanian ),Harwin Homestay Keluarga,10487.7,11541.9,1.1005
Sari Eco,Omah Ngopi Hitam Putih Pinggir Kali,25340.9,34209.0,1.35
Warung pojok Bu marmi,Homestay Pondok Bamboe Sendang Biru,6201.5,6864.9,1.107
Bukit Kuneer,Reddoorz Near Universitas Widyagama Malang,13779.9,23480.7,1.704
KWJ MALANG,Ayam Geprek Mbok Enthis,29254.4,36577.1,1.2503
SAWAH GENTING,Hotel Grage Malang,15217.4,18758.9,1.2327
Forzando House Redpartner near Universitas Muhammadiyah Malang,Warung Kediri Mbak Tutik,33591.9,41486.9,1.235
Sumber Kletak,Sari Eco,51262.9,73142.1,1.4268
KISARASA Restaurant,Kebun Apel Di Batu,37735.4,46099.7,1.2217
"Taman Kehati, Jalibar",Villa Syariah Nusantara,32593.9,36923.4,1.1328
Nasi Campur Madura Khas Bangkalan ( Nasi Petis ),"Loket 2 wisata bumi kahyangan BRAKSENG""",23502.7,33368.3,1.4198
RedDoorz Syariah @ Jl Simpang Gajayana (Hasanah Guest House Gajayana),Bumi Perkemahan Coban Manan,17809.4,25749.5,1.4458
Bakso Jaya Dewi Sri Pujon,Bakso Rompe,25393.2,42640.3,1.6792
Warung Bu Sri,Warung Pandawa,48795.5,71059.4,1.4563
Kashmir Kedai,Bromo Family Guest House,15778.2,17736.5,1.1241
Warung Dalbo Lalapan,Wisata Sumber Awan,13164.2,19104.6,1.4513
SEBLAK ARLET,Bukit Jengkoang,40733.6,57174.5,1.4036
Depot Umi Azizah,Warung Mitra Rasa,37314.5,46626.1,1.2495
Kedai Sam Owob,Depot Gloria,21299.0,46877.2,2.2009
Wisata pemacingan liar Kecopokan,RedDoorz near Velodrome Malang 2,29066.1,34698.8,1.1938
The Arbanat Kitchen Cafe Lounge,Puncak Bundu,46331.8,64895.8,1.4007
Depot Gloria,Warung Nasi Bu Eny,12731.1,15176.5,1.1921
Warung Pecel Madiun Amin 2,Depot Shanghai,15146.5,16943.2,1.1186
Jembatan Kaca Ngalam Indonesia,Kebon Winih Randuagung,13750.6,16178.8,1.1766
Sendiki Beach,Pemandian Selo Agung,50080.0,78554.8,1.5686
Museum Mpu Purwa,Sweet Memories Selfie,11671.5,14112.1,1.2091
Taman Ijo Bunga,Bukit Mendek Wetan,33845.8,51059.6,1.5086
Ed Ning Hotel,Shanaya Resort Malang,7784.0,11245.4,1.4447
Warung Rini,The Singhasari Resort,9258.2,12664.3,1.3679
My Dormy Hostel UMM,Losmen Ryan't,23195.0,26816.2,1.1561
Bakso Telon Cak To,Rest Area 84B Malang Strudel Playland,38466.7,51387.0,1.3359
Lapangan Rampal,Warung Nasi lumayan,8178.9,10939.0,1.3375
Cozzy Residence Syariah Malang,Makcik Pakcik Resto & Cafe,21937.2,24469.3,1.1154
"Warung ""MANTAB"" spesial Ayam Goreng Laos",Seafood dan lalapan MBAK ITA 1,8553.0,16578.5,1.9383
Depot Kurnia Ria Ning Sul,Mutiara Panderman Inn,14411.5,18069.3,1.2538
OYO 353 Loesje Guest House Syariah,Kampung Iwak 3M,23516.8,31024.4,1.3192
"Ayam Penyet Ria, Malang",Rumah Makan Lalapan,22615.4,34663.6,1.5327
Tripletree Ciptaningati Culture Hotel,OYO 90319 Angler Guest House Malang,13833.6,16035.3,1.1592
Seulawah Resort & Cafe,Pemandian Metro Kepanjen,29467.2,41072.6,1.3938
Warung Lesehan Ayam Goreng Pak Sholeh,WARUNG MAKAN RU,36202.0,45506.5,1.257
SPOT ON 90797 Sukun Syariah Homestay,RedDoorz near Jawa Timur Park 2,17036.7,22527.7,1.3223
Warung Barokah 10,Warung Sholawat Nasi Bhuk Hj. Saudah,2000.4,2645.0,1.3222
Warung Bu Mail,Dewarung Trunojoyo,21228.7,31458.0,1.4819
Pemandian Selo Agung,TRANS Wisata Belah Duren,32070.3,93822.6,2.9255
Warung Bromo Mas Maman,Pantai Goa Pathuk ilang ꦥꦼꦱꦶꦱꦶꦂꦒꦸꦮꦥꦡꦸꦏ꧀ꦅꦭꦁ,58587.1,80577.3,1.3753
De Bamboo Restaurant,Bakso Ndoweh,53229.4,70779.7,1.3297
Warung Zaki,Mitra Guest House Syariah,2960.9,5821.8,1.9662
Taman Kunang Kunang,WARUNG AYAM GEPREK AMBER PENARUKAN KEPANJEN,20073.1,24709.5,1.231
Graha Wiyata Outbound & Aneka Edukasi,WARUNGE MAK TON,44290.8,59021.6,1.3326
Warung Fadhillah,YUTAKA INN Araya Malang Nugraha,22081.1,23835.7,1.0795
AORI Guest House (Syariah),Kopi Moro Rindu Blimbing,4227.3,8027.2,1.8989
Sumber Cinde,OYO 3763 Oq Guest House Syariah,12360.6,17747.6,1.4358
D'Fresh Guest House and Resto,The Ling Resto And Cafe Spesial Lalapan Ikan Segar,28629.4,41298.2,1.4425
Nasi Goreng Palang Merah,Bakso Meduro Cak Rosyid,27280.3,33003.6,1.2098
Warung Rahayu,Warung Bu Sar,32149.8,49091.0,1.5269
Wisata Payung Batu,"Pondok Wisata Latar Ombo ""L.O.""",14863.8,25966.5,1.747
Kampoeng Banyu River Tubing,Taman Wisata Kolam Renang Selo Agung Gunung Kawi,33839.8,46127.7,1.3631
Warung Bu Nur,Gubug bromo,36547.1,47555.1,1.3012
Pantai Watu Leter,Taman Wisata Lahor,39440.4,79452.5,2.0145
Wisata Kayutangan Kota Malang,Bayleaf Guest House Syariah Batu,15419.1,18814.9,1.2202
Kampoeng Banyu River Tubing,warung Mulyorejo,54087.7,81208.2,1.5014
Taman Gotong Royong,Noura Guest House Syariah Cabang Soekarno Hatta,2846.2,4129.0,1.4507
Batu Economis Park,RedDoorz near Wisata Paribendo Lawang,17248.4,24990.8,1.4489
Hotel Syariah 99 by VRV,Pemandian Selo Agung,17066.7,40326.0,2.3628
Warung Nikmat Jaya,Griya Shanta Guest House,9431.0,13798.0,1.463
Puncak Kapur Segaran,Warung Nasi Soto Gule Rawon Sawahan,29273.9,38920.2,1.3295
Warung IJO KBA,DEPOT MAMAKU AYAM GORENG DAN NASI TIMBEL,19941.9,23860.4,1.1965
DEPOT MAMAKU AYAM GORENG DAN NASI TIMBEL,Giri Palma Villa,11427.9,18037.9,1.5784
Nusa Indah Homestay,Warung Krebet Timur,23724.8,31329.1,1.3205
Butik Capsule Hostel WA 0813-1569-6413,Warung Makan Aninda Spesial Soto Babat Soto Daging,22561.6,29768.1,1.3194
Warung Atikah,Pantai Gopit ꦥꦼꦱꦶꦱꦶꦂꦒꦺꦴꦥꦶꦠ꧀,62507.7,97136.3,1.554
