Id_Tempat,Nama_Tempat,Latitude,Longitude,Estimasi_Harga,Sumber_Data
1,Selorejo Hotel & Resort,-7.8807182,112.3619012,294840,Traveloka
2,Grand Pujon View Hotel and Resort,-7.8540616,112.4925233,314885,Traveloka
3,Hotel Panorama,-7.862986,112.481787,393589,Traveloka
4,PHR GT2.BALEKAMBANG PENGINAPAN PANTAI,-8.4028241,112.5408897,150000,Traveloka
5,OYO 3289 Penginapan Dita Family,-8.1591458,112.4592795,68656,Traveloka
6,LG Homestay,-8.1279916,112.5748796,150000,Traveloka
7,Penginapan KaliBiru,-8.1414661,112.5210007,75000,Traveloka
8,RedDoorz @ Sangnala Homestay Pakisaji,-8.0590716,112.6015662,141969,Traveloka
9,House of Melati Syariah,-8.1336264,112.5676024,140000,Traveloka
10,SPOT ON 90797 Sukun Syariah Homestay,-8.0091813,112.6203767,58306,Traveloka
11,Bromo Family Guest House,-8.124673,112.5656321,150000,Traveloka
12,Isro Guest House Syariah /Hotel,-8.1327983,112.5683865,149093,Traveloka
13,Condro Wulan Hostel,-7.9943298,112.6800647,80000,Traveloka
14,Rayana Resort,-7.8525478,112.4933282,220875,Traveloka
15,Villa Panderman Indah,-7.886448,112.514457,230000,Traveloka
16,Kanana Retreat,-7.8751647,112.4829757,1511714,Traveloka
17,Hotel Santoso,-7.822739,112.529112,159067,Traveloka
18,The Batu Hotel & Villas,-7.879328,112.522601,525487,Traveloka
19,Golden Tulip Holland Resort Batu,-7.890884,112.523156,1214876,Traveloka
20,Family Hotel Gradia 2,-7.873523,112.520217,431203,Traveloka
21,Pinky Guest House Hotel & Villa,-7.8696872,112.5156688,98961,Traveloka
22,Hotel Kartika Raya,-7.8654369,112.4959108,150000,Traveloka
23,Hotel Asida,-7.8674991,112.5144631,134771,Traveloka
24,RedDoorz @ Apache Camp,-7.7956762,112.5127066,101202,Traveloka
25,Penginapan Dhilpratis,-8.402901,112.540749,360000,Traveloka
26,Marry Ind,-8.0554451,112.501256,231678,Traveloka
27,RORO Hotel ꦥꦔꦶꦤꦼꦥꦤ꧀ꦫꦫ,-8.0251903,112.4936387,285000,Traveloka
28,Hotel Kawi Surapatha,-8.0264258,112.4921883,800000,Traveloka
29,Villa Dua Dua Redpartner,-7.8991184,112.5290096,104444,Traveloka
30,RedDoorz near Jawa Timur Park 2,-7.8907573,112.5222195,190698,Traveloka
31,Urbanview Hotel Bubusini Batu,-7.8732693,112.5222402,338695,Traveloka
32,Griya Sumber Rejeki Homestay,-7.893541,112.5331669,205648,Traveloka
33,Guest House Syariah NusaIndah 2,-7.9083713,112.5384846,300000,Traveloka
34,Embun Pagi Hostel & Villa,-7.8908127,112.5226317,150000,Traveloka
35,Penginapan di Batu | Roemah YWI,-7.8980813,112.5339835,294916,Traveloka
36,Pohon Inn Hotel,-7.8886052,112.5292964,458549,Traveloka
37,Omah Londo Hotel Luxury,-7.8869778,112.5190906,412776,Traveloka
38,Villa Puncak Pinus And Pool,-7.9068286,112.5241799,650000,Traveloka
39,Hotel Tiara Family Residence Batu by NAP,-7.8809189,112.5279513,257517,Traveloka
40,Family Hotel Gradia 1,-7.873988,112.520363,452898,Traveloka
41,Mutiara Panderman Inn,-7.893812,112.535109,300000,Traveloka
42,RedDoorz Syariah near Batu Night Spectacular 3,-7.9150622,112.5379164,115851,Traveloka
43,Kusuma Agrowisata Resort & Convention Hotel,-7.8835495,112.5146808,657777,Traveloka
44,SPOT ON 1767 Villa Anggur Panderman,-7.8930881,112.5133572,65214,Traveloka
45,Hotel Prima Asri 153,-7.8815488,112.5241424,219000,Traveloka
46,RedDoorz @ Omahku Guest House Batu,-7.8855692,112.5159515,276364,Traveloka
47,OYO 1194 Villa Bukit Panderman Residence,-7.8926772,112.5130195,182484,Traveloka
48,Lancar Homestay Syariah,-7.897118,112.5309603,150000,Traveloka
49,Batuque Town Villa 2,-7.8861227,112.5144261,218182,Traveloka
50,Seulawah Resort & Cafe,-7.867537,112.505548,419661,Traveloka
51,BaliKu Guest House,-7.8812844,112.5201419,245700,Traveloka
52,Pondok Wisata Ilona,-7.8839756,112.5185207,388082,Traveloka
53,Amartahills Hotel and Resort,-7.8893114,112.5143305,450000,Traveloka
54,Alam Batu Village,-7.8779029,112.520874,247413,Traveloka
55,Urbanview Syariah Kanigara Guesthouse,-7.8752511,112.5185752,314618,Traveloka
56,Kontena Hotel,-7.8816859,112.529298,410244,Traveloka
57,Hidden Paradiso Hotel,-7.8750799,112.5261855,244250,Traveloka
58,Seulawah Grand View,-7.867297,112.50413,435046,Traveloka
59,Horison Trunojoyo,-7.8659894,112.5084367,360258,Traveloka
60,Shakila Guest House,-7.8638242,112.5037865,194042,Traveloka
61,RedDoorz Plus @ Villa Bontes Batu,-7.8690103,112.5033129,156020,Traveloka
62,"Bobocabin Coban Rondo, Malang",-7.8703726,112.4867719,813000,Traveloka
63,SR Guesthouse,-7.8630288,112.5116416,173966,Traveloka
64,HOTEL GRAND PALEM,-7.865462,112.507782,209044,Traveloka
65,Amaranta Guest House,-7.8683985,112.5061635,486035,Traveloka
66,Penginapan Songgoriti Kota Batu,-7.8651521,112.4982435,65000,Traveloka
67,RedDoorz Plus near Balai Kota Batu 2,-7.8650022,112.506961,180000,Traveloka
68,Three Eight Front One Boutique Hotel Batu,-7.8678688,112.5103081,342604,Traveloka
69,Royal Hotel & Villa Batu,-7.864825,112.5108111,452230,Traveloka
70,Hotel Aster,-7.8662647,112.5090382,280000,Traveloka
71,éL Hotel Kartika Wijaya Batu,-7.867045,112.511201,460972,Traveloka
72,Hotel Batu Permai,-7.8678425,112.5098974,300000,Traveloka
73,Homestay Sekar Gambir,-7.858751,112.5081121,199252,Traveloka
74,The Onsen Hot Spring Resort Songgoriti,-7.8633497,112.5002782,1446507,Traveloka
75,Homestay Gafisa 2,-7.861691,112.4986085,250000,Traveloka
76,Arumdalu Hotel,-7.8650518,112.4942176,150000,Traveloka
77,RedDoorz Plus near Songgoriti Temple,-7.8652469,112.5030028,200000,Traveloka
78,Hotel Trisno Putra,-7.8643077,112.5049755,100000,Traveloka
79,Rosetta Villa & Homestay,-7.8659277,112.5021694,215000,Traveloka
80,Vila BIRU Songgoriti,-7.8638032,112.4946451,80000,Traveloka
81,Villa Waskita,-7.8628237,112.4953738,400000,Traveloka
82,Panorama İnn Residence,-7.8659717,112.5145741,393589,Traveloka
83,Gress Villa,-7.8648755,112.4911326,168591,Traveloka
84,Villa Amigo 2,-7.8636173,112.4949375,150000,Traveloka
85,Villa Arumdalu 24 A Songgoriti,-7.8632911,112.4953165,200000,Traveloka
86,Urbanview Hotel Sky Batu Malang by RedDoorz,-7.8315996,112.5290026,252961,Traveloka
87,RedDoorz near Taman Rekreasi Selecta,-7.8192875,112.5271789,144471,Traveloka
88,Hotel Palem Sari Syariah Batu RedPartner,-7.8414261,112.5282655,161430,Traveloka
89,Mustika Sari Hotel,-7.8376089,112.5279191,114825,Traveloka
90,Bata Merah Guest House & Camping Ground,-7.8415405,112.5201514,303301,Traveloka
91,Spencer Green Hotel Batu,-7.833325,112.528949,223784,Traveloka
92,DeView Hotel by PRO,-7.8300494,112.5291106,150934,Traveloka
93,Cemara Resort & Cafe,-7.8200255,112.5302097,150000,Traveloka
94,d'homestay,-8.4029821,112.5371211,285000,Traveloka
95,"Grand Miami Hotel, Kepanjen",-8.0981506,112.5836578,550000,Traveloka
96,D'SHARIO HOTEL,-8.1031534,112.5803401,204132,Traveloka
97,Losmen Ryan't,-8.1286448,112.5640383,532871,Traveloka
98,Penginapan Central,-8.0259202,112.4934309,219250,Traveloka
99,Indah Jaya Hotel,-8.0250255,112.4934779,150000,Traveloka
100,Penginapan Miki Gunung Kawi,-8.0262715,112.4935084,448998,Traveloka
101,Lembah Indah Malang,-8.0010748,112.4935456,1078009,Traveloka
102,Rayz UMM Hotel Malang,-7.9207769,112.593717,510768,Traveloka
103,Ador 46 Homestay Syariah & Kost Harian Kota Malang,-7.9803697,112.5993504,70000,Traveloka
104,Dahlia Homestay Syariah,-7.9130631,112.584605,115000,Traveloka
105,Hotel Radho Syariah malang,-7.91585,112.5869394,160000,Traveloka
106,Nusa Indah Homestay,-7.9085214,112.5385739,203547,Traveloka
107,Lovina Inn Batu,-7.9151623,112.5386075,250000,Traveloka
108,Mitra Guest House Syariah,-7.901089,112.5587072,151271,Traveloka
109,RINDANG Glamping,-7.9167439,112.5328379,1129873,Traveloka
110,Urbanview Hotel Ling near Jawa Timur Park 2,-7.8958482,112.5330614,133002,Traveloka
111,Super OYO 604 Cemara's Homestay,-7.8959831,112.5338066,182496,Traveloka
112,Sinergi Hotel dan Villa,-7.9172974,112.5672284,396694,Traveloka
113,Redjeki Guesthouse Cafe Batu - Reddoorz near Jatim Park 3,-7.904108,112.5657952,280696,Traveloka
114,Grand Dream Cita Mandiri Syariah,-7.9017468,112.5586124,247666,Traveloka
115,RedDoorz Syariah near Batu Night Spectacular,-7.8965813,112.5326265,115851,Traveloka
116,GUEST HOUSE PALEM ASRI,-7.8940054,112.5350983,268595,Traveloka
117,Penginapan Kenkei,-7.8941804,112.5328322,50000,Traveloka
118,Penginapan murah di batu malang,-7.8932588,112.5319777,65291,Traveloka
119,OYO 90828 Ara Guest House,-7.892595,112.5320293,194237,Traveloka
120,Penginapan Farel,-7.9075157,112.5404111,50000,Traveloka
121,Kahan Homestay,-7.8946447,112.53302,176740,Traveloka
122,RedDoorz @ Oro Oro Ombo Batu,-7.893956,112.534917,115000,Traveloka
123,Batuque Town Villa,-7.8956999,112.5335962,273729,Traveloka
124,Farbel Homestay,-7.9068781,112.5418277,1500000,Traveloka
125,RedDoorz near Eco Green Park Batu,-7.8850662,112.530885,90808,Traveloka
126,Griya Rahayu Guesthouse RedPartner near Jatim Park 2 Batu,-7.8860302,112.5330945,106000,Traveloka
127,Mama Homestay,-7.8943351,112.5309608,100000,Traveloka
128,Omah Anin Guest House Batu,-7.886067,112.5306464,195612,Traveloka
129,Griya Imafa Inn RedPartner near Jatim Park 2,-7.8874171,112.5305526,153125,Traveloka
130,AKBAR 3 Homestay,-7.8961977,112.531503,150000,Traveloka
131,Batu View Villa,-7.8943651,112.5187564,1500000,Traveloka
132,Guest house syariah KaGami,-7.8967343,112.532726,199091,Traveloka
133,Reddoorz near dino park,-7.8873944,112.5435124,282293,Traveloka
134,Kaluna Resort & Cafe,-7.8867996,112.5448713,246300,Traveloka
135,Villa Villi,-7.8942353,112.5346554,366736,Traveloka
136,Family Homestay Arya,-7.8960613,112.5321019,220925,Traveloka
137,HANSEL HOMESTAY Dekat BNS Kota Batu,-7.8943095,112.5424845,300000,Traveloka
138,Villa Panderman View Di Batu,-7.890916,112.5225929,300000,Traveloka
139,Grand Batu Inn,-7.8841755,112.52928,281828,Traveloka
140,Sea Villa Kota Batu,-7.8967642,112.5373146,1000000,Traveloka
141,RedDoorz near Alun Alun Batu 2,-7.8733855,112.5264017,226896,Traveloka
142,THE HALONA VILLA BATU,-7.8638422,112.5351446,149835,Traveloka
143,Griya Mulya near Alun Alun Batu RedPartner,-7.8616786,112.5222706,147818,Traveloka
144,Harwin Homestay Keluarga,-7.8644947,112.5391843,70000,Traveloka
145,Sahabat Backpacker 1 Alegria Inn,-7.8754354,112.5183772,86241,Traveloka
146,RedDoorz @ Pandan Inn Batu,-7.8647197,112.5396846,170000,Traveloka
147,Hotel Arjuna Kota Batu,-7.869495,112.5212373,379770,Traveloka
148,Sahabat Backpacker 2 /Matabean Inn,-7.8800943,112.5257244,147420,Traveloka
149,Guest House 180,-7.876368,112.5280063,250619,Traveloka
150,Arimbi Guest House,-7.8797695,112.5349478,240000,Traveloka
151,Bayleaf Guest House Syariah Batu,-7.8766722,112.5333826,389204,Traveloka
152,Hotel Mutiara Baru,-7.8682249,112.5161982,370000,Traveloka
153,BATU INDAH POOL VILLA,-7.8799367,112.531395,400000,Traveloka
154,Sahar Backpacker,-7.8757656,112.5242683,85000,Traveloka
155,Apple Green Hotel Batu,-7.8775531,112.5327902,267480,Traveloka
156,Pondok Jatim Park Hotel and Cafe,-7.8821966,112.5254605,293334,Traveloka
157,Gendhis Batu Boutique Hotel,-7.8701068,112.5235276,1593528,Traveloka
158,Tripletree Ciptaningati Culture Hotel,-7.8757527,112.5339069,238936,Traveloka
159,Zavier Guest House,-7.8805981,112.5306258,377703,Traveloka
160,Hotel de Wahyu Batu,-7.8684114,112.5167129,272727,Traveloka
161,Hanoman Kota Batu,-7.8608203,112.5270133,717973,Traveloka
162,Purnama Hotel,-7.8406214,112.5279657,600000,Traveloka
163,Lembah Metro Resort,-7.8579484,112.5218856,1982645,Traveloka
164,Hotel Wijaya,-7.830803,112.5295105,460972,Traveloka
165,Hotel Grand City Batu,-7.8493019,112.5281477,299106,Traveloka
166,Kintamani 360 Villa & Guest House Syariah,-7.8610678,112.5340847,600000,Traveloka
167,Hotel Filadelfia Gallery Resort,-7.8622786,112.5270715,388430,Traveloka
168,Villa Melinda Home Stay,-7.821476,112.530322,1500000,Traveloka
169,Oak Tree Glamping Resort,-7.8656221,112.5264326,710100,Traveloka
170,Bliss Family Cottage Batu,-7.8497878,112.5295807,300000,Traveloka
171,Wisma Wisata Wiratama,-7.8622157,112.5289752,263718,Traveloka
172,The New Handayani Villa's,-7.8192894,112.5271765,137826,Traveloka
173,Hotel Transformer Center,-7.8644231,112.5335211,379603,Traveloka
174,Panorama Villas Batu,-7.8653393,112.5151444,144978,Traveloka
175,Parama Guest House,-7.8318286,112.528307,87000,Traveloka
176,Hotel Selecta,-7.822375,112.52702,390000,Traveloka
177,Sazara Hotel Batu,-7.8121121,112.5262441,143108,Traveloka
178,Mutu Edutel,-8.1714564,112.6429443,250000,Traveloka
179,SAFIRA HOMESTAY PANTAI UNGAPAN,-8.4376658,112.6434341,71612,Traveloka
180,ELTARI Pine House,-7.9984987,112.6776793,80000,Traveloka
181,Hotel YNO Castle Kepanjen,-8.1316576,112.5696743,344000,Traveloka
182,Core Inn Juwita Hotel,-8.1250395,112.5651574,149093,Traveloka
183,Hotel Gerbang Biru,-8.125106,112.558275,57212,Traveloka
184,Grand Kanjuruhan Hotel,-8.1080295,112.5786367,149093,Traveloka
185,Mirabell Hotel & Convention Hall,-8.1146656,112.5753498,315315,Traveloka
186,GRAND SEMANGGI HOTEL,-8.109131,112.5776353,550000,Traveloka
187,Kos Griya Gangsar Kepanjen Malang,-8.1347028,112.566171,900000,Traveloka
188,Joyo Homestay Syariah (penginapan murah malang),-7.9412704,112.5996786,86000,Traveloka
189,RedDoorz Plus @ Swun Stay Raya Langsep,-7.9816774,112.6144323,193850,Traveloka
190,Sigura-Gura Homestay Syariah,-7.9606998,112.6050038,95112,Traveloka
191,Youkata Stay Hotel Malang,-7.9658718,112.6369394,226168,Traveloka
192,Hotel Syariah 99 by VRV,-7.9531324,112.6191344,186486,Traveloka
193,Hotel Camelia,-7.9694642,112.637138,300000,Traveloka
194,Tya Family Guest House,-7.9383559,112.5885009,155571,Traveloka
195,dinoyo homestay syariah,-7.9395241,112.6085081,71658,Traveloka
196,OYO Life 414 Loji Rejo Guest House,-7.9573189,112.5910027,100000,Traveloka
197,Vintage 58 Penginapan khusus wanita,-7.9658229,112.6302866,69356,Traveloka
198,Noura Guest House syariah merjosari,-7.9377736,112.5830285,142997,Traveloka
199,Giri Palma Villa,-7.9561418,112.5873277,200000,Traveloka
200,Hotel Tidar,-7.9612861,112.5973419,251721,Traveloka
201,RedDoorz Hostel near Malang Train Station 3.,-7.9762923,112.6300843,102504,Traveloka
202,SULFAT HOMESTAY Penginapan Murah dekat Stasiun Kota Malang Jalur Bromo Dekat Bandara Abd Saleh,-7.9678062,112.652169,79775,Traveloka
203,De'Vita Family Homestay,-7.9424252,112.5826408,50000,Traveloka
204,SPOT ON 91530 Sumpil Syariah,-7.9343941,112.6453402,100000,Traveloka
205,"Fayfai homestay Malang (Penginapan di batu Malang, Kos harian Malang, dekat UMM, Murah)",-7.9266861,112.5847492,80000,Traveloka
206,Hotel O Symphony Homestay Tlogomas,-7.9253218,112.6006691,120879,Traveloka
207,Griya Gribig Guest House Mitra RedDoorz,-7.9803516,112.6651629,175496,Traveloka
208,Tini’s Guest House,-7.9728819,112.618846,162476,Traveloka
209,Edotel tebe syariah,-7.9607908,112.648075,50000,Traveloka
210,OYO 353 Loesje Guest House Syariah,-7.9769477,112.6252761,100000,Traveloka
211,D Maktab Syariah Mitra RedDoorz Malang,-7.9510225,112.6266283,150944,Traveloka
212,AORI Guest House (Syariah),-7.9555326,112.6082053,150000,Traveloka
213,OYO Flagship 90723 Khalifi House Malang,-7.9694153,112.6684127,120000,Traveloka
214,RADZ & RASFA Homestay Syariah,-7.974073,112.6363326,50000,Traveloka
215,Ascent Premiere Hotel and Convention,-7.9952993,112.632715,1260000,Traveloka
216,RedDoorz Plus near Brawijaya Museum,-7.9728937,112.6179994,313066,Traveloka
217,GUEST HOUSE DE AZKA STYLE SYARIAH,-7.9111819,112.625114,157523,Traveloka
218,Villa WoPi,-7.9353348,112.5634104,65291,Traveloka
219,Kapal Garden Hotel,-7.9151203,112.5870178,581554,Traveloka
220,Riuma Resort | Hotel Malang | Penginapan Malang,-7.8928156,112.6022678,300000,Traveloka
221,RedDoorz near Jawa Timur Park 3,-7.904144,112.5657147,280696,Traveloka
222,OYO 3909 ARG Guest House Syariah,-7.9120303,112.5858641,150000,Traveloka
223,MHS Inn Syariah,-7.9375284,112.6021479,150000,Traveloka
224,Putri Utari Guest House,-7.9165867,112.5874814,99347,Traveloka
225,Hotel Mentari,-7.903547,112.5635475,150000,Traveloka
226,Briggs Inn Batu,-7.9010474,112.5586311,336125,Traveloka
227,"Kalila Penginapan di Batu Malang (Dekat jatimpark 3, Alun alun batu, Kota Batu)",-7.8972126,112.5498994,147866,Traveloka
228,Senyum World Hotel,-7.896527,112.5527418,540000,Traveloka
229,The Singhasari Resort,-7.893714,112.549662,1306898,Traveloka
230,Azana BeSt Hotel Batu,-7.8899888,112.5525116,318644,Traveloka
231,Rumasagara Homestay,-7.8954312,112.558995,238092,Traveloka
232,Maniva Particael Resort,-7.8869642,112.5448492,600000,Traveloka
233,Dedaunan Guest House,-7.9011425,112.5574391,309295,Traveloka
234,SUGIH WARAS FAMILY HOMESTAY & KOS HARIAN,-7.8919038,112.5488272,100000,Traveloka
235,Vanda Villa Batu,-7.861731,112.527217,168733,Traveloka
236,RedDoorz Syariah near Gor Ken Arok,-8.014311,112.642194,199021,Traveloka
237,Padi Heritage Hotel,-7.932017,112.606699,353587,Traveloka
238,Sofia Syariah Residence,-7.942962,112.618771,256476,Traveloka
239,Miami Guest House,-8.0467642,112.6096984,150000,Traveloka
240,Great Star Premium Homestay,-7.96231,112.653175,176516,Traveloka
241,RedDoorz @ Bukit Dieng 2,-7.9713225,112.5982818,158782,Traveloka
242,CLASS Premium Guest House Malang,-7.9696028,112.6032744,315234,Traveloka
243,Home Stay Pulosari Living,-7.9739223,112.6168839,206612,Traveloka
244,Java Boutique Hotel,-7.9718245,112.616943,186486,Traveloka
245,OYO 815 Double D9 Guesthouse,-7.9712836,112.5982165,170000,Traveloka
246,mcb Homestay,-7.9736553,112.6143808,243243,Traveloka
247,RedDoorz Plus @ Bukit Dieng Malang,-7.9746295,112.5980961,158000,Traveloka
248,Hillside Suite Guest House,-7.9648264,112.6055115,272505,Traveloka
249,Ijen Suites Resort & Convention Malang,-7.9808125,112.6155625,578109,Traveloka
250,D'Paragon Bukit Dieng Malang,-7.9726885,112.6008373,202205,Traveloka
251,Hotel Aloha Malang,-7.9786929,112.6354288,160524,Traveloka
252,De'Corner Guest House,-7.9731135,112.6184562,260088,Traveloka
253,Srikandi Guesthouse,-7.974263,112.6200916,226523,Traveloka
254,Tlogomas Guest House,-7.933265,112.603597,330323,Traveloka
255,Family Guest House Malang,-7.9749804,112.5974602,190741,Traveloka
256,Ubud Cottages Malang,-7.9614215,112.6049097,256419,Traveloka
257,Kos & Homestay Villa Tidar,-7.9575416,112.5874199,100000,Traveloka
258,Nyaman Homestay,-7.9755248,112.5967478,150000,Traveloka
259,CLOSEDE PROP,-7.9590649,112.605791,79477,Traveloka
260,RedDoorz Syariah @ Jl Simpang Gajayana (Hasanah Guest House Gajayana),-7.9469596,112.6084752,168021,Traveloka
261,OYO 3763 Oq Guest House Syariah,-7.9520893,112.603569,170000,Traveloka
262,Omahkoe guesthouse,-7.957439,112.6100354,200000,Traveloka
263,HOMEY,-7.9497877,112.6113754,101510,Traveloka
264,Embun Pagi Syariah Bendungan Sempor 8 Malang,-7.9597593,112.6124389,159847,Traveloka
265,OYO Life 2744 Guest House Qudsi,-7.946317,112.6089672,111597,Traveloka
266,Griya Merjosari Family Syariah,-7.9469878,112.6041569,190000,Traveloka
267,New Bandahara Exclusive,-7.9691527,112.6081461,220000,Traveloka
268,Djuragan Kamar Bandahara,-7.9690263,112.6080664,172000,Traveloka
269,Ed Ning Hotel,-7.9704565,112.6078609,250000,Traveloka
270,Adisa Homestay,-7.9656722,112.6319221,197188,Traveloka
271,Shinta Guest House,-7.9674368,112.6250796,563600,Traveloka
272,Onyo Sigura-gura Inn,-7.9558888,112.6050346,95112,Traveloka
273,RedDoorz Syariah near Transmart MX Malang,-7.9582992,112.6112029,187813,Traveloka
274,My Dormy Hostel UMM,-7.9233879,112.6015877,261828,Traveloka
275,OYO 90480 sultan palace guest house,-7.9268265,112.6020383,170000,Traveloka
276,Sunrise Resort Malang,-7.9444553,112.5961537,278611,Traveloka
277,Forzando House Redpartner near Universitas Muhammadiyah Malang,-7.9219222,112.6084985,110000,Traveloka
278,Rosa Pavilion Syariah near UMM Redpartner,-7.9191106,112.5974765,162236,Traveloka
279,Smart Tlogomas Syariah,-7.9343441,112.6031137,139184,Traveloka
280,favehotel Malang,-7.9327936,112.6035154,289549,Traveloka
281,Pondok Rizky Amalia,-7.9213554,112.5926812,150000,Tiket.com
282,De Malang Sweet Homestay Syariah Mitra RedDoorz,-7.9420293,112.6234745,171632,Traveloka
283,Amalys Guest House,-7.9192545,112.5917304,99347,Traveloka
284,palmview homestay griya mertojoyo malang,-7.9403991,112.6037036,100000,Traveloka
285,RedDoorz @ Simpang Borobudur,-7.9367994,112.638996,115546,Traveloka
286,Cozzy Residence Syariah Malang,-7.9453245,112.6349225,102431,Traveloka
287,Maharaja homestay Syariah,-7.9223764,112.6188168,70000,Traveloka
288,CAKRAWALA HOMESTAY,-8.4360864,112.6424203,200000,Traveloka
289,VIO HOMESTAY PANTAI UNGAPAN,-8.4374653,112.6433674,250000,Traveloka
290,Ariesta Homestay,-8.4302154,112.6783387,57212,Traveloka
291,Home Stay Pak Dilu,-8.430443,112.6789965,100000,Traveloka
292,Cakra Residence Hotel,-8.176039,112.6834328,150000,Traveloka
293,D’rael Guest House Syariah Turen,-8.1715573,112.6881689,220748,Traveloka
294,Villa Malang GOR Ken Arok Puncak Buring by MARRY IND,-8.010885,112.655245,4304995,Traveloka
295,Hnr Homestay Syariah,-8.01096,112.651874,100000,Traveloka
296,Swun Stay Inn @ Sawahan Mitra RedDoorz,-7.9858598,112.626014,163480,Traveloka
297,"Bobopod Alun-Alun, Malang",-7.9835318,112.6301217,170000,Traveloka
298,RedDoorz near Velodrome Malang 2,-7.983421,112.660784,223236,Traveloka
299,Sentral homestay,-7.9813198,112.6289104,219250,Traveloka
300,Penginapan Omah Wetan Homestay Malang,-7.9818727,112.6529763,211040,Traveloka
301,SO! Boutique Hostel,-7.9796921,112.6312334,81125,Traveloka
302,"Hotel Pelangi Malang, Kayutangan Heritage",-7.9836023,112.6298098,283343,Traveloka
303,Hotel Margosuko Malang,-7.9850899,112.635942,150000,Traveloka
304,The Grand Palace Hotel Malang,-7.9850725,112.6291926,318189,Traveloka
305,Omah Kalimosodo RedPartner near Stasiun Malang Kota Baru,-7.9825372,112.64917,176809,Traveloka
306,M-Suite Homestay,-7.9813832,112.6337665,225676,Traveloka
307,Granada Syariah Guest House,-7.9844709,112.6272647,266215,Traveloka
308,Griyo Sultan Agung Guest House (Book our rooms via WhatsApp Chat),-7.978193,112.635719,254410,Traveloka
309,Griya Backpacker Pak yon,-7.963327,112.638454,90000,Traveloka
310,Bedpackers Hostel Malang,-7.966672,112.633887,100000,Traveloka
311,OYO 90383 Avisha Guest House Syariah,-7.9670985,112.6428725,136416,Traveloka
312,Ratu Boarding House & Homestay,-7.958125,112.623491,220000,Traveloka
313,RedDoorz Plus near Malang Town Square,-7.9543768,112.6204369,154010,Traveloka
314,OYO 90319 Angler Guest House Malang,-7.9642849,112.6221525,172000,Traveloka
315,pandanwangi homestay syariah (hotel murah malang),-7.9543055,112.6594198,83840,Traveloka
316,Hotel Kartika Graha,-7.9733305,112.6301706,350000,Traveloka
317,RedDoorz near Balai Kota Malang,-7.9776647,112.6331623,301053,Traveloka
318,RedDoorz @ Jalan Kedawung,-7.9533803,112.6370464,112087,Traveloka
319,Butik Capsule Hostel WA 0813-1569-6413,-7.9648036,112.6357732,115853,Traveloka
320,The Safa Baiti Guest House Syari'ah,-7.9553285,112.64056,150000,Traveloka
321,Shelter Hostel Malang,-7.9734603,112.634562,80000,Traveloka
322,"PENGINAPAN ""DeWe""",-7.9703402,112.6577171,150000,Traveloka
323,RedDoorz near Sanan Malang,-7.9587634,112.6431786,143346,Traveloka
324,Merbabu Guest House,-7.9669282,112.6261686,307698,Traveloka
325,RAGGEA homestay,-7.9384188,112.634617,164000,Traveloka
326,Hasanah Guesthouse Suhat,-7.938192,112.6273513,224225,Traveloka
327,RedDoorz Premium @ Jalan Cengkeh Malang,-7.9461178,112.621726,415488,Traveloka
328,Reddoorz Near Universitas Widyagama Malang,-7.9366331,112.6358111,149000,Traveloka
329,Noura Guest House Syariah Cabang Soekarno Hatta,-7.9431647,112.6216881,200000,Traveloka
330,Taman Indah Homestay Syariah,-7.935149,112.6174343,131749,Traveloka
331,SIMPANG HOMESTAY & KOZZ,-7.9370428,112.6375024,200000,Traveloka
332,RedDoorz Syariah near Universitas Negeri Malang 2,-7.9644382,112.6191322,222458,Traveloka
333,Tripletree Novon Family Hotel,-7.9308117,112.6524642,248378,Traveloka
334,RedDoorz Plus near Politeknik Negeri Malang,-7.9430879,112.619081,382551,Traveloka
335,OYO 2771 D'soetta,-7.9392536,112.6252384,170000,Traveloka
336,RedDoorz Syariah @ Soekarno Hatta Indah 2,-7.9379706,112.6272506,180000,Traveloka
337,OYO 3350 Cozy Residence,-7.9454091,112.6348957,55673,Traveloka
338,Griya Shanta Guest House,-7.9396161,112.6233305,120184,Traveloka
339,RedDoorz @ Soekarno Hatta Indah,-7.9393799,112.6296212,144608,Traveloka
340,RedDoorz Plus @ Kalpataru,-7.9511644,112.6331157,153470,Traveloka
341,RedDoorz Syariah near RRI Malang,-7.9352717,112.6175183,137037,Traveloka
342,Behomy Inn Malang,-7.9429327,112.6487057,234433,Traveloka
343,RedDoorz near Taman Krida Budaya Malang,-7.9447396,112.6203666,159287,Traveloka
344,Liberta Hub Singosari Malang,-7.91108,112.6358841,190000,Traveloka
345,Aventree Syariah Homestay,-7.9442169,112.6200165,247934,Traveloka
346,DE LAIA INN MALANG,-7.9437376,112.6181877,238935,Traveloka
347,Al Thalib 8 Syariah,-7.9506329,112.6266714,139897,Traveloka
348,YUTAKA INN Araya Malang Nugraha,-7.9359533,112.6495324,170000,Traveloka
349,Grand Kadaka Syariah,-7.9456395,112.6197856,132678,Traveloka
350,RedDoorz Plus @ Riverside Malang,-7.9212752,112.6432118,189000,Traveloka
351,D'Fresh Guest House and Resto,-7.9396721,112.633534,327600,Traveloka
352,Griya Harmoni Syariah,-7.8923725,112.5821299,70000,Traveloka
353,Homestay K10 Malang,-7.9451403,112.6210608,85000,Traveloka
354,D' soetta guest house,-7.9392584,112.625338,150000,Traveloka
355,Everyday Smart Hotel Malang,-7.9492297,112.6165786,309517,Traveloka
356,RedDoorz @ Karangploso 2,-7.8720035,112.5779994,147533,Traveloka
357,Gatsu Resort RedPartner @ Karangploso,-7.8988904,112.5873998,406787,Traveloka
358,De Sapphire Hasanah Guesthouse,-7.9262625,112.6251431,150000,Traveloka
359,N Sungkar Guest House Syariah,-7.9125894,112.6427248,133794,Traveloka
360,TOS Hotel Malang,-7.911999,112.6405206,258108,Traveloka
361,CITARUM HOMESTAY MALANG,-7.9145788,112.6341648,150000,Traveloka
362,éL Hotel Malang,-7.9022006,112.6056572,358143,Traveloka
363,Shanaya Resort Malang,-7.9005066,112.610613,536529,Traveloka
364,Hotel Grage Malang,-7.9119162,112.6404563,315315,Traveloka
365,Airy Singosari Raya Mondoroko 1 Malang,-7.9054231,112.6597216,50000,Traveloka
366,Good Village Project - Malang Voluntourism,-7.9007691,112.6038208,150000,Traveloka
367,Lembah Mbalong Resort Mitra RedDoorz Near Exit Tol Singosari,-7.9061883,112.6471068,234720,Traveloka
368,SPOT ON 2689 Safira Family Residence,-7.8721185,112.6790929,71000,Traveloka
369,RedDoorz near Wisata Paribendo Lawang,-7.8359722,112.6848278,275139,Traveloka
370,Rollaas Hotel and Resort,-7.82278,112.64252,567433,Traveloka
371,Kos Putra Bulanan,-7.8827277,112.6368376,600000,Traveloka
372,Arjuna View Villa Lawang,-7.8094608,112.6531202,15000,Traveloka
373,Hotel Arjuna,-7.8454858,112.6975945,379770,Traveloka
374,OAK Lawang,-7.8291557,112.6735929,579109,Traveloka
375,Hotel Buah Naga,-7.8291789,112.673769,200000,Traveloka
376,OYO 90684 Happy Homestay Syariah,-7.9351406,112.7005862,109497,Traveloka
377,Hotel Niagara,-7.8280267,112.6986384,143027,Traveloka
378,Sri maha resort in teluk asmara,-8.4433391,112.6622612,850000,Traveloka
379,Penginapan Pondok Wisata Berkah Alam,-8.4292986,112.678224,200000,Traveloka
380,Guest House Madidihang Pondokdadap - Sendang Biru,-8.4322137,112.6817686,250000,Traveloka
381,Villa Asmara Hills,-8.4408564,112.6643857,650000,Traveloka
382,Maltan’s Room,-8.3819033,112.6816825,100000,Traveloka
383,Homestay Pondok Bamboe Sendang Biru,-8.4152,112.6948752,150000,Traveloka
384,Safa Guest House,-7.972352,112.662764,84602,Traveloka
385,RedDoorz Syariah near Exit Tol Malang,-7.9815329,112.6830877,92000,Traveloka
386,Javana Homestay,-7.9934632,112.6801826,100000,Traveloka
387,Sawojajar Inn,-7.9800163,112.6538768,174600,Traveloka
388,K15 Exclusive,-7.971495,112.609142,184521,Traveloka
389,RedDoorz Plus near Malang Airport,-7.9628788,112.6821606,176632,Traveloka
390,Jacatra Homestay,-7.9655413,112.6198718,246614,Traveloka
391,Morse Hotel,-7.9789025,112.6367121,169935,Traveloka
392,SOWAN Boutique Guest House Syariah,-7.9697672,112.6654621,234433,Traveloka
393,Hotel Wilis Indah Malang,-7.9686891,112.6364406,248134,Traveloka
394,RedDoorz near Araya Family Club House,-7.9413584,112.6668099,146013,Traveloka
395,Se.nandung Living & Space,-7.9300625,112.6886014,320000,Traveloka
396,Nova Guest House,-7.952787,112.637582,144095,Traveloka
397,Guest House Araya,-7.9408605,112.6613891,140000,Traveloka
398,Se.juk Residence/Premiere,-7.9449504,112.6715339,200000,Traveloka
399,Victoria Boutique Residence,-7.9546864,112.640538,234380,Traveloka
400,Edelweiss Homestay Malang,-7.954831,112.6383185,212686,Traveloka
401,Hotel Montana Dua Malang,-7.9387796,112.6241621,365758,Traveloka
402,Swiss-Belinn Malang,-7.9554679,112.6187277,689337,Traveloka
403,nDalem Kilen Homestay,-7.9543372,112.620001,144770,Traveloka
404,D'Paragon Songgolangit Malang,-7.946236,112.623901,232849,Traveloka
405,Fariz Hotel Malang,-7.9110727,112.6358414,157096,Traveloka
406,Karolin Homestay,-7.9164648,112.6459884,100000,Traveloka
407,Solaris Hotel Malang,-7.913566,112.655618,350000,Traveloka
408,Padi Homestay Malang,-7.9125495,112.6041301,353587,Traveloka
409,Villa Syariah Nusantara,-7.8351999,112.6890742,170000,Traveloka
410,Hotel Seruni Lawang,-7.846031,112.702611,175890,Traveloka
411,"Villa Tawangsari, HOSTEL & RESORT",-7.825634,112.7035019,65291,Traveloka
412,MADOR Malang Dorm Hostel,-7.988174,112.635184,156810,Traveloka
413,RedDoorz near Kampung Warna Warni,-7.9852033,112.6356438,70000,Traveloka
414,Urbanview Hotel de Kopen Malang by RedDoorz,-7.9661099,112.6392394,340358,Traveloka
415,Hotel Dewarna Sutoyo Malang,-7.963377,112.636253,234152,Traveloka
416,GRESS Homestay,-7.9644335,112.6376759,168591,Traveloka
417,Hotel Gajahmada Graha,-7.9687027,112.6358411,298209,Traveloka
418,Sunrise Hotel,-7.9677773,112.6349817,278611,Traveloka
419,Asri Home Stay,-7.95877,112.6431377,261450,Traveloka
420,The Aliante Hotel & Convention Center,-7.9813617,112.6348243,388082,Traveloka
421,THE 1O1 Malang OJ,-7.9680455,112.6354553,591601,Traveloka
422,Lily Guest House Syariah RedPartner,-7.9877561,112.6346953,221966,Traveloka
423,Esma Guest House,-7.9608927,112.6353624,373710,Traveloka
424,Sans Hotel La Vida Malang,-7.9745474,112.6556206,205989,Traveloka
425,Plum Dreamscape Inan Malang,-7.9703265,112.6352386,272938,Traveloka
426,Splendid Inn Hotel,-7.9776301,112.6332811,200000,Traveloka
427,Amaris Hotel Malang,-7.960622,112.6362872,342752,Traveloka
428,Junggo Tentrem,-7.9610014,112.6342137,176216,Traveloka
429,BeSS Resort and Waterpark,-7.826765,112.727482,932942,Traveloka
430,Zzz Hostel Malang,-7.9666688,112.6472578,90000,Traveloka
431,Neomi Homestay Malang (CV.Neomi perdana sukse),-7.9419521,112.6588887,165927,Traveloka
432,RedDoorz near Malang Creative Center,-7.9352241,112.6375664,138050,Traveloka
433,Djoglo Luxury Bungalow,-7.9319402,112.6641896,1792415,Traveloka
434,Hotel Grand Cakra,-7.9358583,112.6512298,533836,Traveloka
435,Jardin Smart Residence,-7.9374241,112.6404008,200000,Traveloka
436,Rumah Kita 2 ( Penginapan Harian dan Sales),-7.936376,112.6408462,100000,Traveloka
437,OYO 1289 Cbr Residence,-7.944632,112.639119,100000,Traveloka
438,OYO 3803 Hotel Wonojati Syariah Malang,-7.9050592,112.6601479,100000,Traveloka
439,Wisma Air Mancur Malang Syariah Mitra RedDoorz,-8.0075875,112.7596732,90000,Traveloka
440,Pondok Tubing Poncokusumo Syariah RedPartner,-8.0150845,112.8502653,150000,Traveloka
441,Intayu Homestay RedPartner,-8.0151307,112.849029,319507,Traveloka
442,Semeru Hostel Malang,-7.973043,112.624192,307162,Traveloka
443,Rani Homestay,-8.0180308,112.7611499,250000,Traveloka
444,Lembah Tumpang Resort,-7.9942415,112.737865,400000,Traveloka
445,OMAH JOGLO BUGIS,-7.9586428,112.6837097,229649,Traveloka
446,Fellas Inn,-7.9628511,112.6822165,250000,Traveloka
447,RedDoorz Syariah @ Danau Kerinci Sawojajar,-7.9714902,112.6641251,147586,Traveloka
448,Velodrome Family House,-7.9723858,112.6709966,100000,Traveloka
449,Bima Guest House,-7.9751945,112.6654718,205540,Traveloka
450,Millennial House,-7.9717643,112.6639782,150000,Traveloka
451,OYO 886 Omahku Asri Syariah,-7.973605,112.661728,150000,Traveloka
452,Gita Homestay Malang,-7.9751359,112.6652211,150000,Traveloka
453,OYO 2295 Daffi Family Residence,-7.9413569,112.6573925,100000,Traveloka
454,Convention Hall Bess Resort & Waterpark,-7.8249025,112.7296239,522500,Traveloka
455,Villa Girli Lawang,-7.8223646,112.7308804,35000,Traveloka
456,Homestay Pantai Lenggoksono - Banyu Anjlok,-8.36289,112.8418253,150000,Traveloka
457,tumpang camp adventures,-8.0077931,112.7597592,118000,Traveloka
458,Chalet Bromo Restaurant and Lounge,-7.9776983,112.7803503,744073,Traveloka
459,Glamping Malang Dreamland,-8.0835722,112.7861337,400000,Traveloka
460,Wisma Djokorio Syariah,-8.0325657,112.8127436,192000,Traveloka
461,NAMIRA HOMESTAY,-8.0326037,112.8084364,150000,Traveloka
462,Homestay Bu Pit,-8.0328835,112.8088256,200000,Traveloka
463,De'forest Rest Area,-8.00559,112.7623694,57212,Traveloka
464,Puspa Homestay Gubugklakah,-8.0217279,112.8359058,150000,Google General
465,Panglipuran Homestay,-8.0184091,112.8411638,124392,Traveloka
466,Gubug bromo,-8.0153027,112.8466309,401093,Traveloka
467,Homestay Maria,-7.9837794,112.9063229,148129,Traveloka
